{"name":"46a43821-add3-4416-a225-1156c5ea48bb","id":"/providers/Microsoft.Flow/flows/46a43821-add3-4416-a225-1156c5ea48bb","type":"Microsoft.Flow/flows","properties":{"apiId":"/providers/Microsoft.PowerApps/apis/shared_logicflows","displayName":"Employee Details","definition":{"metadata":{"workflowEntityId":null,"processAdvisorMetadata":null,"flowChargedByPaygo":null,"flowclientsuspensionreason":"None","flowclientsuspensiontime":null,"flowclientsuspensionreasondetails":null,"creator":{"id":"9f5205b8-cf21-4942-8767-871ac3c6a92b","type":"User","tenantId":"21d0f426-ab22-4b0b-9ceb-6aff3c5153c7"},"provisioningMethod":"FromDefinition","failureAlertSubscription":true,"clientLastModifiedTime":"2025-12-23T18:12:12.917443Z","connectionKeySavedTimeKey":"2025-12-23T18:12:12.917443Z","creationSource":"Portal","modifiedSources":"Portal"},"$schema":"https://schema.management.azure.com/providers/Microsoft.Logic/schemas/2016-06-01/workflowdefinition.json#","contentVersion":"1.0.0.0","parameters":{"$authentication":{"defaultValue":{},"type":"SecureObject"},"$connections":{"defaultValue":{},"type":"Object"}},"triggers":{"When_an_item_is_created":{"recurrence":{"frequency":"Minute","interval":1},"evaluatedRecurrence":{"frequency":"Minute","interval":1},"splitOn":"@triggerOutputs()?['body/value']","type":"OpenApiConnection","inputs":{"parameters":{"dataset":"https://techbullscoin.sharepoint.com/sites/SprintBase","table":"b964d3ce-a74a-4ff0-8cb5-04db10e59676"},"host":{"apiId":"/providers/Microsoft.PowerApps/apis/shared_sharepointonline","connectionName":"shared_sharepointonline","operationId":"GetOnNewItems"},"authentication":"@parameters('$authentication')"}}},"actions":{"Get_item":{"runAfter":{},"type":"OpenApiConnection","inputs":{"parameters":{"dataset":"https://techbullscoin.sharepoint.com/sites/SprintBase","table":"b964d3ce-a74a-4ff0-8cb5-04db10e59676","id":"@triggerBody()?['ID']"},"host":{"apiId":"/providers/Microsoft.PowerApps/apis/shared_sharepointonline","connectionName":"shared_sharepointonline","operationId":"GetItem"},"authentication":"@parameters('$authentication')"}},"Start_and_wait_for_an_approval":{"runAfter":{"Get_item":["Succeeded"]},"type":"OpenApiConnectionWebhook","inputs":{"parameters":{"approvalType":"Basic","WebhookApprovalCreationInput/title":"@outputs('Get_item')?['body/Title']","WebhookApprovalCreationInput/assignedTo":"rajasekhar.p@techbulls.co.in","WebhookApprovalCreationInput/enableNotifications":true,"WebhookApprovalCreationInput/enableReassignment":true},"host":{"apiId":"/providers/Microsoft.PowerApps/apis/shared_approvals","connectionName":"shared_approvals","operationId":"StartAndWaitForAnApproval"},"authentication":"@parameters('$authentication')"}},"Condition":{"actions":{"Update_item":{"type":"OpenApiConnection","inputs":{"parameters":{"dataset":"https://techbullscoin.sharepoint.com/sites/SprintBase","table":"b964d3ce-a74a-4ff0-8cb5-04db10e59676","id":"@outputs('Get_item')?['body/ID']","item/ApprovalStatus/Value":"Approved"},"host":{"apiId":"/providers/Microsoft.PowerApps/apis/shared_sharepointonline","connectionName":"shared_sharepointonline","operationId":"PatchItem"},"authentication":"@parameters('$authentication')"}}},"runAfter":{"Start_and_wait_for_an_approval":["Succeeded"]},"else":{"actions":{"Update_item_1":{"type":"OpenApiConnection","inputs":{"parameters":{"dataset":"https://techbullscoin.sharepoint.com/sites/SprintBase","table":"b964d3ce-a74a-4ff0-8cb5-04db10e59676","id":"@outputs('Get_item')?['body/ID']","item/ApprovalStatus/Value":"Rejected"},"host":{"apiId":"/providers/Microsoft.PowerApps/apis/shared_sharepointonline","connectionName":"shared_sharepointonline","operationId":"PatchItem"},"authentication":"@parameters('$authentication')"}}}},"expression":{"or":[{"equals":["@{body('Start_and_wait_for_an_approval')}@{outputs('Start_and_wait_for_an_approval')?['body/outcome']}","Approved"]}]},"type":"If"}},"outputs":{}},"connectionReferences":{"shared_sharepointonline":{"connectionName":"shared-sharepointonl-f353f47f-b5d3-41b0-b764-b4666e1ea44c","source":"Embedded","id":"/providers/Microsoft.PowerApps/apis/shared_sharepointonline","tier":"NotSpecified","apiName":"sharepointonline","isProcessSimpleApiReferenceConversionAlreadyDone":false},"shared_approvals":{"connectionName":"shared-approvals-af780993-012d-46df-931d-9a43b076321a","source":"Embedded","id":"/providers/Microsoft.PowerApps/apis/shared_approvals","tier":"NotSpecified","apiName":"approvals","isProcessSimpleApiReferenceConversionAlreadyDone":false}},"flowFailureAlertSubscribed":false,"isManaged":false}}